time,seconds_elapsed,bearingAccuracy,speedAccuracy,verticalAccuracy,horizontalAccuracy,speed,bearing,altitude,longitude,latitude
1759865028770000000,0.796999755859375,45,1.5,1.4240111112594604,21.95400047302246,0,0,74.5,2.2182844,48.9232911
1759865030528227000,2.55522705078125,180,0.44128021597862244,1.4335023164749146,34.97700119018555,0.24425263702869415,43.57844543457031,74.5,2.2182996,48.9232747
1759865031567055600,3.5940556640625,180,0.30805274844169617,1.4320403337478638,39.31800079345703,0.18370479345321655,327.38037109375,74.5,2.2182737,48.9232686
1759865032568677400,4.595677490234375,180,0.35642051696777344,1.4574055671691895,37.487998962402344,0.6123226284980774,349.2072448730469,74.5,2.218241,48.9232405
1759865033588648700,5.615648681640625,180,0.42107337713241577,1.4663612842559814,32.38999938964844,0.615597128868103,331.9219970703125,74.5,2.2179972,48.9230129
1759865035601388500,7.628388427734375,0,0.1258251667022705,1.5310611724853516,27.06599998474121,0.09299436956644058,0,74.5,2.2180254,48.9230838
1759865036947470000,8.974469970703124,109.38191986083984,0.14947332441806793,1.7253518104553223,22,0.1065145954489708,280.4465026855469,74.5,2.2181614,48.9231789
1759865038001106400,10.0281064453125,105.67302703857422,0.26913753151893616,1.7079452276229858,18.864999771118164,0.1023019477725029,306.7712097167969,74.5,2.2182027,48.9232169
1759865038960991200,10.9879912109375,80.84618377685547,0.41451597213745117,1.7206573486328125,18.281999588012695,0.2361704707145691,281.3211364746094,74.5,2.2182034,48.9232312
1759865040975220000,13.002219970703125,75.55606842041016,0.25752758979797363,1.7772748470306396,15.289999961853027,0.9121420383453369,277.02392578125,74.5,2.2181665,48.9232386
1759865042074398000,14.10139794921875,75.93739318847656,0.23340559005737305,1.7982088327407837,14.928000450134277,0.9562300443649292,281.4159240722656,74.5,2.2181527,48.9232408
1759865043253723100,15.28072314453125,48.861881256103516,0.21939168870449066,1.8593097925186157,15.600000381469727,0.9939782619476318,303.19476318359375,74.5,2.2181496,48.9232541
1759865044373311500,16.4003115234375,20.580156326293945,0.23186637461185455,1.7389280796051025,15.75100040435791,1.0161131620407104,330.6840515136719,74.5,2.2181804,48.9232848
1759865045514207500,17.54120751953125,18.119300842285156,0.27003881335258484,1.7423919439315796,15.08899974822998,0.9997168183326721,332.01971435546875,74.5,2.218205,48.9233227
1759865046555200800,18.58220068359375,18.48585319519043,0.27372434735298157,1.775954008102417,13.741000175476074,0.9854934215545654,329.0394592285156,74.5,2.2182071,48.9233465
1759865047574479000,19.60147900390625,12.5374755859375,0.2740457355976105,1.8126293420791626,12.329999923706055,1.0157521963119507,330.2533264160156,74.5,2.2181933,48.9233656
1759865048752903200,20.779903076171873,10.650769233703613,0.19327187538146973,1.8123383522033691,10.543999671936035,1.0119041204452515,327.0743103027344,74.5,2.2181716,48.923384
1759865049908517600,21.935517578125,12.765115737915039,0.21767280995845795,1.8123821020126343,8.461999893188477,1.0051463842391968,325.3714599609375,74.5,2.2181524,48.9233977
1759865051085319200,23.112319091796873,12.49303913116455,0.21530643105506897,1.8607232570648193,7.388999938964844,0.9967004656791687,326.5794372558594,74.5,2.2181364,48.9234106
1759865052039437600,24.0664375,15.805726051330566,0.16150344908237457,1.8140164613723755,6.7829999923706055,1.006531000137329,331.7509460449219,74.5,2.21813,48.9234236
1759865054063015200,26.09001513671875,12.997918128967285,0.20884712040424347,1.863255262374878,5.505000114440918,0.9964853525161743,345.2518005371094,74.5,2.2181333,48.9234524
1759865055039073500,27.066073486328126,6.658583641052246,0.1604330837726593,1.8098118305206299,5.1579999923706055,0.9833552241325378,350.4774169921875,74.5,2.2181381,48.9234653
1759865056002205200,28.029205078125,6.081674098968506,0.15417344868183136,1.816080927848816,4.638000011444092,1.0202513933181763,354.2161865234375,74.5,2.2181448,48.9234779
1759865058038720500,30.065720458984377,6.176428318023682,0.22069522738456726,1.8450250625610352,3.6649999618530273,1.0042121410369873,352.922607421875,74.5,2.2181456,48.9234914
1759865059941681200,31.96868115234375,6.643099784851074,0.20824363827705383,2.162238121032715,3.2360000610351562,1.058286190032959,353.208984375,75,2.2181453,48.9235058
1759865061107449300,33.13444946289062,6.9694085121154785,0.2205849438905716,2.2057547569274902,3.124000072479248,1.0402724742889404,349.9332580566406,75,2.2181448,48.9235155
1759865064079000600,36.10600048828125,9.951157569885254,0.21281011402606964,2.2746286392211914,3.88100004196167,1.0520603656768799,348.8389587402344,75,2.2181393,48.9235447
1759865066005927000,38.03292700195313,9.941242218017578,0.1521645337343216,2.314075231552124,4.267000198364258,1.091094732284546,346.4647216796875,75,2.2181405,48.9235818
1759865067869066800,39.89606665039062,12.22972583770752,0.2014746367931366,2.2712271213531494,4.355999946594238,1.0169497728347778,344.8635559082031,74.69999694824219,2.2181369,48.9236111
1759865069042824000,41.06982397460938,12.183427810668945,0.2159237563610077,2.507751703262329,4.301000118255615,0.9713411927223206,355.9364929199219,74.69999694824219,2.2181376,48.9236273
1759865070003027200,42.03002709960938,9.744415283203125,0.12356726080179214,2.4028077125549316,4.224999904632568,1.0616357326507568,359.5052490234375,74.69999694824219,2.2181399,48.9236451
1759865071079166500,43.10616650390625,9.942815780639648,0.1426372230052948,2.353468656539917,4.170000076293945,0.9971043467521667,0.6523433327674866,74.69999694824219,2.2181414,48.9236582
1759865073001450500,45.028450439453124,9.411099433898926,0.15842638909816742,2.416350841522217,3.994999885559082,1.125073790550232,358.2409362792969,74.69999694824219,2.218139,48.9236835
1759865074945326300,46.972326416015626,9.779220581054688,0.17125949263572693,1.98445725440979,3.7690000534057617,1.1079736948013306,343.5047607421875,74.5999984741211,2.2181356,48.9237062
1759865076902580700,48.929580810546874,11.813288688659668,0.2206275463104248,2.3072891235351562,3.5280001163482666,1.1860774755477905,308.37774658203125,74.5999984741211,2.2181019,48.9237256
1759865078863942400,50.8909423828125,11.670015335083008,0.21521660685539246,2.3490068912506104,3.6740000247955322,1.3479045629501343,268.388427734375,74.5999984741211,2.2180438,48.9237326
1759865080763244300,52.79024438476562,11.744124412536621,0.267791748046875,2.2964186668395996,3.9660000801086426,1.421341061592102,166.9249267578125,74.5999984741211,2.218,48.9237149
1759865081944530200,53.9715302734375,9.926427841186523,0.2668043375015259,2.3946073055267334,4.136000156402588,1.538627028465271,111.0936279296875,74.5999984741211,2.2180124,48.9236984
1759865083033749200,55.060749267578124,9.466019630432129,0.1775388866662979,2.133507013320923,4.171999931335449,1.5810483694076538,49.922271728515625,74.5999984741211,2.2180333,48.9237002
1759865085003062000,57.03006201171875,12.00660228729248,0.25615403056144714,2.2870357036590576,4.020999908447266,1.529685378074646,3.053846597671509,74.5999984741211,2.2180463,48.9237322
1759865087097025300,59.124025390625,10.30306339263916,0.2608656585216522,2.4320244789123535,3.989000082015991,1.544588565826416,354.7155456542969,74.5999984741211,2.2180456,48.9237728
1759865088056909000,60.08390893554687,9.544818878173828,0.2508954107761383,2.4385931491851807,3.880000114440918,1.528537392616272,353.3076171875,74.5999984741211,2.2180415,48.9237999
1759865089023460600,61.050460693359376,9.66614055633545,0.20682968199253082,2.43735408782959,3.756999969482422,1.5983765125274658,350.02947998046875,74.5999984741211,2.2180379,48.9238177
1759865090942294500,62.96929443359375,10.087654113769531,0.19954092800617218,2.3972175121307373,3.368000030517578,1.4647538661956787,342.0985107421875,74.5999984741211,2.2180278,48.9238427
1759865092057439000,64.08443896484376,12.27534008026123,0.2387191653251648,2.238670825958252,3.1540000438690186,1.4248158931732178,333.44232177734375,74.5999984741211,2.2180201,48.9238529
1759865094097197600,66.12419750976562,11.676515579223633,0.19587911665439606,2.481193780899048,3.005000114440918,1.3041033744812012,330.5295104980469,74.5999984741211,2.2179999,48.9238677
1759865095057086700,67.08408666992187,12.094012260437012,0.17405612766742706,2.370753288269043,3.005000114440918,1.2448480129241943,335.5770568847656,74.5999984741211,2.2179951,48.9238743
1759865096025310200,68.05231030273437,10.115323066711426,0.18105871975421906,2.304520606994629,3,1.2788522243499756,345.18194580078125,74.5999984741211,2.2179897,48.9238808
1759865097096838000,69.123837890625,12.662551879882812,0.21796070039272308,2.4577059745788574,3.003000020980835,1.2192513942718506,344.60296630859375,74.5999984741211,2.2179839,48.9238915
1759865099122355500,71.14935546875,10.133513450622559,0.20953863859176636,2.314681053161621,3.003000020980835,1.1988418102264404,347.3841857910156,74.5999984741211,2.21797,48.9239128
1759865101100375600,73.12737548828125,9.477154731750488,0.2236834168434143,2.2725260257720947,3.003000020980835,1.2188304662704468,350.12884521484375,74.5999984741211,2.217957,48.9239352
1759865104056007700,76.08300756835938,9.406336784362793,0.218424990773201,2.200802803039551,3,1.1991232633590698,338.95770263671875,74.5999984741211,2.2179458,48.9239662
1759865105027202000,77.0542021484375,7.211217403411865,0.15424910187721252,2.3209097385406494,3,1.1725670099258423,345.56597900390625,74.5999984741211,2.2179405,48.9239753
1759865106095770000,78.12277001953125,9.74848747253418,0.18851709365844727,2.2598581314086914,3,1.1711549758911133,349.0235290527344,74.5999984741211,2.2179364,48.9239866
1759865107998715400,80.02571533203125,9.666192054748535,0.22958700358867645,2.431751251220703,3.013000011444092,1.1882495880126953,344.3612365722656,74.5999984741211,2.217928,48.9240061
1759865109095410000,81.12240991210938,10.013222694396973,0.17431609332561493,2.433647871017456,3.062999963760376,1.190073013305664,345.0613098144531,74.5999984741211,2.2179204,48.9240181
1759865110055297500,82.08229760742188,9.68957805633545,0.17791719734668732,2.391808271408081,3.1510000228881836,1.2129098176956177,343.1564636230469,74.5999984741211,2.2179132,48.9240292
1759865111015185700,83.042185546875,9.422654151916504,0.20676986873149872,2.1739962100982666,3.253000020980835,1.2307449579238892,331.4688720703125,74.5999984741211,2.2179056,48.9240392
1759865112095055400,84.12205541992188,10.126704216003418,0.21510735154151917,2.5161750316619873,3.436000108718872,1.2448574304580688,331.4976501464844,74.5999984741211,2.2178958,48.9240493
1759865113054936800,85.08193676757813,9.68410587310791,0.1645771712064743,2.468458652496338,3.5840001106262207,1.2192898988723755,330.5460205078125,74.5999984741211,2.2178879,48.9240591
1759865114030773500,86.0577734375,10.247855186462402,0.1595451384782791,2.2731621265411377,3.76200008392334,1.1714632511138916,329.6480712890625,74.5999984741211,2.2178845,48.9240657
1759865115094691800,87.12169189453125,11.466343879699707,0.2081231325864792,2.3023476600646973,3.950000047683716,1.1819747686386108,337.39862060546875,74.5999984741211,2.2178783,48.9240752
1759865116957856500,88.9848564453125,12.064678192138672,0.2224917709827423,2.241769552230835,4.300000190734863,1.196534514427185,345.7554626464844,74.35993176351379,2.2178758,48.9240987
1759865118018190300,90.0451904296875,12.424180030822754,0.22178180515766144,2.340348482131958,4.474999904632568,1.1730036735534668,349.43365478515625,74.35377398326389,2.2178773,48.9241107
1759865119054228500,91.081228515625,12.452020645141602,0.21128521859645844,2.357604742050171,4.520999908447266,1.188603401184082,356.0545654296875,74.31066964497332,2.2178813,48.9241229
1759865121034992600,93.06199267578126,12.017526626586914,0.169779434800148,2.1002893447875977,4.531000137329102,1.1998814344406128,357.0945129394531,74.29424900150043,2.2178896,48.924147
1759865122017192000,94.04419189453125,10.975956916809082,0.19172360002994537,2.403963804244995,4.439000129699707,1.1652354001998901,355.5804748535156,74.35466141115415,2.2178958,48.9241565
1759865124038003700,96.06500366210938,11.842801094055176,0.1776445508003235,2.4116640090942383,4.372000217437744,1.173156499862671,352.5938720703125,74.35260883096463,2.2178964,48.9241786
1759865126017630200,98.04463012695312,12.409061431884766,0.21761411428451538,2.273693799972534,4.239999771118164,1.1679259538650513,348.7705383300781,74.32387275975503,2.2178965,48.9241962
1759865127079142700,99.106142578125,11.848955154418945,0.21925948560237885,2.280148983001709,4.214000225067139,1.1723531484603882,347.7408142089844,74.34029336011699,2.2178952,48.9242064
1759865130034056200,102.06105615234375,10.128154754638672,0.18513470888137817,2.0489578247070312,4.238999843597412,1.1999882459640503,358.5247497558594,74.34029336011699,2.2179012,48.9242347
1759865132072434200,104.09943408203125,9.9996337890625,0.20878535509109497,2.3422908782958984,4.290999889373779,1.1941189765930176,357.740478515625,74.29924191799776,2.2179037,48.9242629
1759865133032326000,105.05932592773438,9.932697296142578,0.2250797301530838,2.287045955657959,4.309999942779541,1.1979037523269653,357.7942199707031,74.29924191799776,2.2179053,48.9242756
1759865135072081000,107.09908081054688,9.96474552154541,0.16008660197257996,2.193711996078491,4.295000076293945,1.1626876592636108,352.334716796875,74.32182018691367,2.2179051,48.9242974
1759865137111838000,109.138837890625,9.65483283996582,0.20908376574516296,2.2527413368225098,4.21999979019165,1.1648354530334473,355.6871337890625,74.28897908808598,2.2179062,48.9243183
1759865138071726300,110.09872631835937,11.691513061523438,0.21003206074237823,2.3058412075042725,4.223999977111816,1.160373330116272,359.6683349609375,74.28076883297436,2.2179076,48.9243273
1759865140016054000,112.04305395507812,9.955082893371582,0.1510714441537857,2.2194204330444336,4.294000148773193,1.1772063970565796,356.6713562011719,74.21214625442941,2.217903,48.9243479
1759865141955058000,113.98205786132813,12.095206260681152,0.22197450697422028,2.1440093517303467,4.474999904632568,1.1965713500976562,355.4342041015625,74.21214625442941,2.2179008,48.9243691
1759865143038887700,115.0658876953125,12.160811424255371,0.21989651024341583,2.174398183822632,4.585000038146973,1.2043793201446533,355.0914306640625,74.24177022823386,2.2178961,48.9243805
1759865144055520500,116.0825205078125,12.165823936462402,0.15899109840393066,2.5742335319519043,4.5980000495910645,1.2200371026992798,353.3484802246094,74.16904262598871,2.2178849,48.9243893
1759865145116100600,117.1431005859375,10.00406265258789,0.16703395545482635,2.421543836593628,4.508999824523926,1.2076855897903442,351.27264404296875,74.20892943509364,2.2178742,48.9243985
1759865148051603700,120.07860375976563,10.419963836669922,0.16702187061309814,2.3249738216400146,4.0960001945495605,1.1392890214920044,339.6025695800781,74.26229578763125,2.217855,48.9244235
1759865150018193700,122.04519360351563,9.279703140258789,0.23077692091464996,2.319516658782959,3.8570001125335693,1.1263158321380615,337.1208801269531,74.27255858570051,2.2178283,48.9244459
1759865151058135600,123.08513549804688,9.799981117248535,0.22329002618789673,2.219350576400757,3.6410000324249268,1.1507562398910522,337.1216125488281,74.28692652357272,2.2178156,48.9244627
1759865153072940300,125.09994018554687,9.80708122253418,0.17254285514354706,1.71589195728302,3.253999948501587,1.1789251565933228,338.89581298828125,74.30000305175781,2.2177946,48.9244933
1759865154032826000,126.059826171875,10.15015697479248,0.18062812089920044,2.0393102169036865,3.0460000038146973,1.1672203540802002,338.7701416015625,74.30000305175781,2.2177887,48.9245022
1759865156072578600,128.09957861328124,10.388771057128906,0.21807964146137238,2.0586483478546143,3.2079999446868896,1.1695634126663208,334.4571533203125,74.30000305175781,2.2177705,48.9245233
1759865157032467700,129.0594677734375,10.404138565063477,0.20515984296798706,2.0859084129333496,3.3989999294281006,1.1559277772903442,333.6530456542969,74.30000305175781,2.2177605,48.9245331
1759865158000255700,130.027255859375,9.987297058105469,0.1816701740026474,2.0761969089508057,3.569999933242798,1.1606231927871704,330.62628173828125,74.30000305175781,2.2177518,48.9245432
1759865159072223700,131.0992236328125,10.202610969543457,0.21110635995864868,1.941085696220398,3.763000011444092,1.1505149602890015,325.8068542480469,74.30000305175781,2.2177409,48.9245529
1759865161077631000,133.104630859375,11.797696113586426,0.206316739320755,1.9068173170089722,4.0960001945495605,1.1512970924377441,333.1663513183594,74.30000305175781,2.2177187,48.9245777
1759865163072978400,135.099978515625,9.824986457824707,0.16372953355312347,1.5381349325180054,4.078999996185303,1.1202651262283325,334.2118225097656,74.30000305175781,2.2177073,48.9245952
1759865164957954000,136.9849541015625,10.392598152160645,0.2057129144668579,1.5195820331573486,3.9170000553131104,1.0910513401031494,344.5386657714844,74.30000305175781,2.2176989,48.9246127
1759865166977304600,139.0043046875,10.40805721282959,0.17474903166294098,1.5509182214736938,3.812000036239624,1.0902725458145142,350.4537353515625,74.30000305175781,2.2176947,48.9246323
1759865168051913000,140.07891284179686,11.83452320098877,0.17570629715919495,1.7430146932601929,3.928999900817871,1.1359127759933472,352.680419921875,74.30000305175781,2.2176941,48.9246439
1759865169011796500,141.03879638671876,11.786260604858398,0.1791640967130661,1.744763731956482,4.0980000495910645,1.128955602645874,352.3836975097656,74.30000305175781,2.2176935,48.9246552
1759865171092550400,143.11955029296874,12.176471710205078,0.20785579085350037,1.6597620248794556,4.4029998779296875,1.1212490797042847,358.5052185058594,74.30000305175781,2.2176969,48.9246792
1759865172052434200,144.07943408203124,11.708508491516113,0.17039106786251068,1.5423918962478638,4.50600004196167,1.1296485662460327,345.7611999511719,74.30000305175781,2.2176964,48.9246901
1759865174016452000,146.0434521484375,12.642722129821777,0.20989875495433807,1.5634125471115112,4.689000129699707,1.1559231281280518,325.0356140136719,74.30000305175781,2.2176845,48.9247113
1759865176112221400,148.1392214355469,12.876361846923828,0.22098061442375183,1.4095604419708252,4.7769999504089355,1.2069047689437866,337.31866455078125,74.5,2.2176711,48.9247363
1759865178092719000,150.1197189941406,12.35494327545166,0.21605314314365387,1.4323616027832031,4.72599983215332,1.2254109382629395,352.1463623046875,74.5,2.2176717,48.9247612
1759865180014787600,152.04178759765625,9.904867172241211,0.15032659471035004,1.628586769104004,4.554999828338623,1.2341125011444092,344.8711242675781,74.5,2.2176684,48.9247847
1759865181091941400,153.11894140625,9.696145057678223,0.20772074162960052,1.636763572692871,4.473999977111816,1.2212514877319336,346.9276123046875,74.5,2.217662,48.9247956
1759865182051823600,154.07882373046874,9.74837875366211,0.20914335548877716,1.5223772525787354,4.364999771118164,1.2268325090408325,345.3471374511719,74.5,2.2176578,48.9248052
1759865183025300000,155.05230004882813,9.30587387084961,0.1388077288866043,1.4717886447906494,4.21999979019165,1.2155683040618896,345.2647399902344,74.4000015258789,2.2176488,48.9248158
1759865184936782300,156.9637822265625,9.67004108428955,0.15828582644462585,1.4816725254058838,3.990999937057495,1.189893364906311,340.50543212890625,74.4000015258789,2.2176354,48.9248355
1759865186037869300,158.06486938476561,9.962367057800293,0.17078490555286407,1.4132739305496216,3.9089999198913574,1.1685025691986084,342.0110778808594,74.4000015258789,2.2176271,48.9248466
1759865186996333600,159.02333349609376,9.825687408447266,0.18107713758945465,1.358677625656128,3.9079999923706055,1.1408629417419434,343.7018737792969,74.4000015258789,2.2176195,48.9248566
1759865188051107000,160.07810717773438,10.11847972869873,0.20586296916007996,1.3920059204101562,3.946000099182129,1.1351429224014282,346.8502197265625,74.4000015258789,2.2176107,48.9248676
1759865189014087700,161.04108764648439,9.615979194641113,0.13212308287620544,1.3825085163116455,3.9539999961853027,1.1639455556869507,348.34124755859375,74.4000015258789,2.2176077,48.9248782
1759865190007302100,162.03430224609374,9.369196891784668,0.13594788312911987,1.3470182418823242,3.8550000190734863,1.1860830783843994,347.4643859863281,74.4000015258789,2.2176034,48.9248894
1759865191050753500,163.07775341796875,9.408324241638184,0.20664694905281067,1.3078150749206543,3.740999937057495,1.1730396747589111,348.2673034667969,74.30000305175781,2.2175948,48.9249017
1759865192934588200,164.96158813476563,9.66364860534668,0.21274657547473907,1.4253462553024292,3.5320000648498535,1.162117838859558,348.3943786621094,74.30000305175781,2.2175947,48.9249206
1759865194035234000,166.06223413085937,9.441471099853516,0.20841096341609955,1.4278403520584106,3.4769999980926514,1.1305160522460938,353.62078857421875,74.30000305175781,2.2175944,48.9249321
1759865195135018200,167.16201831054687,9.905966758728027,0.15796323120594025,1.4942634105682373,3.51200008392334,1.1416493654251099,344.1086730957031,74.30000305175781,2.2175924,48.924943
1759865196235474200,168.26247412109376,9.056986808776855,0.15137475728988647,1.493690013885498,3.4649999141693115,1.1802605390548706,330.8315734863281,74.30000305175781,2.217584,48.9249516
1759865197294966000,169.32196606445314,9.732361793518066,0.16717717051506042,1.500907301902771,3.4739999771118164,1.2055319547653198,343.3887634277344,74.30000305175781,2.2175737,48.9249612
1759865198495765000,170.52276489257812,9.428196907043457,0.18451601266860962,1.485975980758667,3.427000045776367,1.2013839483261108,352.9963073730469,74.30000305175781,2.2175652,48.9249736
1759865200090675500,172.11767553710936,9.174432754516602,0.2125452607870102,1.2993413209915161,3.3450000286102295,1.1408586502075195,339.2040710449219,74.30000305175781,2.2175532,48.9249893
1759865202014063600,174.04106372070314,8.953023910522461,0.1706705093383789,1.2671031951904297,3.2009999752044678,1.1488898992538452,344.4435729980469,74.30000305175781,2.2175403,48.9250056
1759865203074823400,175.10182348632813,7.145434379577637,0.18738503754138947,1.271582841873169,3.127000093460083,1.1171658039093018,344.3518981933594,74.30000305175781,2.2175341,48.9250141
1759865204117569000,176.14456909179688,6.9522857666015625,0.21148160099983215,1.2393075227737427,3.1019999980926514,1.1374760866165161,346.33319091796875,74.30000305175781,2.2175272,48.9250249
1759865206028755200,178.05575512695313,4.316514492034912,0.14992859959602356,1.229149580001831,3.0789999961853027,1.1577178239822388,355.0838317871094,74.30000305175781,2.21752,48.9250484
1759865207090846200,179.11784619140624,6.14344596862793,0.20196419954299927,1.4042115211486816,3.071000099182129,1.1626521348953247,353.71881103515625,74.30000305175781,2.2175171,48.9250589
1759865208050735900,180.07773583984374,6.186177730560303,0.22833625972270966,1.4402590990066528,3.0789999961853027,1.1889190673828125,344.21356201171875,74.30000305175781,2.2175142,48.9250688
1759865210011502000,182.03850219726561,6.105533599853516,0.1994275450706482,1.5010998249053955,3.055999994277954,1.1871020793914795,347.32086181640625,74.30000305175781,2.2175076,48.9250876
1759865212034705200,184.061705078125,6.0907440185546875,0.21629849076271057,1.5065631866455078,3.174999952316284,1.1530309915542603,344.2262268066406,74.30000305175781,2.2174998,48.9251065
1759865213098188300,185.12518823242186,5.987989902496338,0.16970910131931305,1.5259379148483276,3.249000072479248,1.1593172550201416,346.3519287109375,74.30000305175781,2.2174943,48.9251175
1759865214097305300,186.12430541992188,5.832971096038818,0.20602738857269287,1.2845064401626587,3.3289999961853027,1.16334867477417,350.77398681640625,74.5,2.2174904,48.9251272
1759865215050895600,187.0778955078125,6.0487961769104,0.20551025867462158,1.1280637979507446,3.424999952316284,1.1577246189117432,352.8263854980469,74.5,2.2174864,48.9251374
1759865216019505400,188.04650537109376,4.334512710571289,0.14757491648197174,1.1332368850708008,3.4809999465942383,1.1721175909042358,350.0372009277344,74.5,2.2174823,48.9251477
1759865217090650600,189.11765063476562,6.21238899230957,0.21112310886383057,1.088403344154358,3.5329999923706055,1.1490275859832764,353.8161315917969,74.5,2.2174776,48.9251586
1759865218091536000,190.1185358886719,6.760869026184082,0.23194853961467743,1.0844459533691406,3.5769999027252197,1.1255333423614502,353.57867431640625,74.5,2.2174744,48.9251694
1759865220013314800,192.04031469726561,6.463344573974609,0.19954001903533936,1.1682988405227661,3.628000020980835,1.1293209791183472,344.5213623046875,74.5,2.2174617,48.9251903
1759865221091181300,193.11818139648437,6.232157230377197,0.22609928250312805,1.1843297481536865,3.694999933242798,1.1179403066635132,342.0010681152344,74.5999984741211,2.2174533,48.9252016
1759865223015279000,195.0422790527344,6.125523090362549,0.20359402894973755,1.3484145402908325,3.7109999656677246,1.1187002658843994,336.3292541503906,74.5999984741211,2.2174359,48.9252247
1759865224935501000,196.9625009765625,6.425211429595947,0.21589922904968262,1.2583327293395996,3.746000051498413,1.1125097274780273,339.9941101074219,74.5999984741211,2.2174241,48.9252449
1759865226085930800,198.1129306640625,6.602259159088135,0.24019795656204224,1.2652555704116821,3.7960000038146973,1.1364264488220215,341.7583923339844,74.5999984741211,2.2174175,48.9252569
1759865228009155000,200.03615502929688,6.035867691040039,0.18274405598640442,1.279236912727356,3.864000082015991,1.1291526556015015,342.71868896484375,74.5999984741211,2.2174067,48.9252754
1759865229051024600,201.07802465820313,6.170367240905762,0.2128000408411026,1.2037638425827026,3.8289999961853027,1.0946568250656128,343.8451232910156,74.80000305175781,2.2174007,48.9252834
1759865230995361800,203.02236181640626,5.888481616973877,0.20151753723621368,1.1959573030471802,3.746000051498413,1.0719083547592163,343.1181945800781,74.80000305175781,2.2173905,48.9253035
1759865232050668500,204.07766845703125,6.113260746002197,0.22916880249977112,1.1407060623168945,3.7260000705718994,1.0804009437561035,340.1912841796875,74.80000305175781,2.2173844,48.9253147
1759865233021809700,205.0488095703125,4.255805015563965,0.16179317235946655,1.0790053606033325,3.755000114440918,1.1168177127838135,339.1520690917969,74.80000305175781,2.2173784,48.9253251
1759865235050315300,207.07731518554687,6.016354084014893,0.21702226996421814,1.056689739227295,3.993000030517578,1.1164946556091309,339.95233154296875,74.80000305175781,2.2173656,48.9253491
1759865237017106400,209.0441064453125,5.939025402069092,0.21826176345348358,1.0439172983169556,4.004000186920166,1.0848759412765503,344.6474609375,74.9000015258789,2.2173538,48.9253719
1759865238115079000,210.14207885742186,6.087409019470215,0.23161986470222473,1.0714287757873535,3.9670000076293945,1.0894685983657837,344.1174621582031,74.9000015258789,2.2173484,48.9253839
1759865239154312400,211.1813125,5.620093822479248,0.20235736668109894,1.191238522529602,3.8519999980926514,1.1003471612930298,339.8379821777344,74.9000015258789,2.2173426,48.9253944
1759865241002657800,213.02965771484375,6.504563808441162,0.18996593356132507,1.1849908828735352,3.615000009536743,1.108066439628601,338.9508056640625,74.9000015258789,2.2173317,48.9254115
1759865243036648000,215.06364794921876,6.424569129943848,0.2203540951013565,1.241760015487671,3.5829999446868896,1.0897783041000366,343.5306091308594,74.9000015258789,2.2173209,48.9254316
1759865244054741500,216.08174145507812,6.0959153175354,0.16994042694568634,1.2211875915527344,3.552000045776367,1.10493803024292,340.9296875,75.19999694824219,2.2173142,48.9254416
1759865245050121500,217.07712158203125,5.873437404632568,0.169950932264328,1.2005618810653687,3.575000047683716,1.1127303838729858,340.4144287109375,75.19999694824219,2.2173095,48.9254507
1759865247089879300,219.11687939453125,5.581668376922607,0.22534655034542084,1.1798778772354126,3.628000020980835,1.1060850620269775,338.68798828125,75.19999694824219,2.2173006,48.9254702
1759865249003948300,221.0309482421875,6.231219291687012,0.22167526185512543,1.1915953159332275,3.6659998893737793,1.1016700267791748,341.98193359375,75.19999694824219,2.2172897,48.9254884
1759865250089526000,222.11652612304687,5.921844959259033,0.15759196877479553,1.0918434858322144,3.7130000591278076,1.1136775016784668,339.3377380371094,75.19999694824219,2.2172832,48.9254983
1759865252021161000,224.04816088867187,5.905492305755615,0.18759550154209137,0.9935021996498108,3.759999990463257,1.1161030530929565,340.60986328125,75.19999694824219,2.2172732,48.9255155
1759865254021560300,226.0485603027344,6.0548014640808105,0.22533147037029266,0.9988906979560852,3.7750000953674316,1.1305465698242188,340.4109802246094,75.19999694824219,2.2172614,48.925536
1759865255102078700,227.12907861328125,5.998955726623535,0.21795836091041565,0.9693543910980225,3.7739999294281006,1.147639274597168,343.7793273925781,75.19999694824219,2.2172552,48.9255469
1759865256088813800,228.11581372070313,5.909152984619141,0.1731797754764557,1.1453715562820435,3.744999885559082,1.1482402086257935,340.2025146484375,75.19999694824219,2.2172505,48.9255568
1759865257048696600,229.07569653320311,4.132307529449463,0.1839120239019394,1.154820203781128,3.7290000915527344,1.1355010271072388,346.3526916503906,75.19999694824219,2.2172454,48.9255659
1759865258021096000,230.04809594726564,6.181792259216309,0.1630057841539383,1.160723090171814,3.688999891281128,1.096726417541504,339.5500183105469,75.19999694824219,2.2172405,48.9255743
1759865260048336400,232.07533642578124,6.369557857513428,0.22270071506500244,1.1300534009933472,3.677999973297119,1.0932995080947876,336.6925048828125,75.19999694824219,2.2172291,48.9255931
1759865262022075100,234.0490751953125,6.710216522216797,0.21796275675296783,1.0858113765716553,3.7079999446868896,1.164896845817566,335.2697448730469,75.19999694824219,2.2172139,48.9256162
1759865263061385500,235.08838549804688,5.993330478668213,0.16939406096935272,1.098402976989746,3.742000102996826,1.1786177158355713,339.665283203125,75.19999694824219,2.217206,48.9256299
1759865264048866600,236.0758664550781,4.059024810791016,0.17653898894786835,1.0984448194503784,3.76200008392334,1.2002301216125488,339.9852600097656,75.19999694824219,2.2171991,48.9256433
1759865265008946000,237.03594580078126,6.1817827224731445,0.16042324900627136,1.1350878477096558,3.6730000972747803,1.1966673135757446,341.32037353515625,75.19999694824219,2.2171925,48.9256556
1759865267048511200,239.07551123046875,5.75352668762207,0.16284173727035522,1.0690357685089111,3.374000072479248,1.2056807279586792,344.8468017578125,75.5,2.2171798,48.9256809
1759865269088265000,241.11526489257812,5.915543556213379,0.20193429291248322,1.026960849761963,3.177000045776367,1.2114609479904175,345.7113342285156,75.5,2.2171706,48.9257016
1759865270960359700,242.98735961914062,3.769357681274414,0.17411932349205017,1.033244013786316,3.124000072479248,1.146462321281433,340.7007751464844,75.5,2.2171613,48.9257192
1759865272023314200,244.0503142089844,5.711207866668701,0.21630120277404785,1.0879656076431274,3.1600000858306885,1.1598711013793945,338.0498962402344,75.5,2.217156,48.9257295
1759865273080256300,245.10725634765626,5.80318021774292,0.2154570370912552,1.0317965745925903,3.2139999866485596,1.1850018501281738,338.04522705078125,75.5,2.2171505,48.9257403
1759865275086142700,247.11314282226562,4.239527225494385,0.17418183386325836,1.1339119672775269,3.2860000133514404,1.1994750499725342,332.270751953125,75.5,2.2171394,48.9257619
1759865277013095700,249.040095703125,6.4123735427856445,0.19071529805660248,1.1379579305648804,3.378000020980835,1.1826059818267822,337.0662841796875,75.5,2.2171268,48.925784
1759865278085789200,250.1127890625,6.162361145019531,0.22349941730499268,1.1458613872528076,3.4179999828338623,1.1856529712677002,345.4757995605469,75.5,2.2171218,48.9257969
1759865279045672400,251.07267236328124,6.032550811767578,0.20920245349407196,1.1078318357467651,3.4670000076293945,1.1568175554275513,344.7845153808594,75.5,2.2171175,48.9258088
1759865280010770200,252.0377702636719,3.859339952468872,0.1510060578584671,1.1085872650146484,3.4860000610351562,1.148909091949463,342.2490539550781,75.5,2.2171136,48.9258195
1759865281085430000,253.11242993164063,5.734828472137451,0.15893512964248657,1.1254551410675049,3.486999988555908,1.1422924995422363,338.39892578125,75.5,2.2171077,48.925831
1759865283019974700,255.046974609375,6.054801940917969,0.1940082162618637,1.1241569519042969,3.494999885559082,1.154227375984192,346.1394348144531,75.5,2.2170975,48.9258511
1759865285044956400,257.0719562988281,5.73072624206543,0.16608868539333344,1.1132607460021973,3.489000082015991,1.1252275705337524,340.17022705078125,75.5,2.217086,48.9258703
1759865287010508500,259.0375085449219,5.932100772857666,0.1830100417137146,1.139280080795288,3.440000057220459,1.1468870639801025,338.2588806152344,75.5,2.2170763,48.9258875
1759865289045485800,261.07248583984375,5.7962565422058105,0.15989811718463898,1.0299187898635864,3.2980000972747803,1.1366416215896606,343.8365478515625,75.9000015258789,2.2170633,48.925906
1759865290979826000,263.0068259277344,6.495433807373047,0.16715389490127563,1.041957139968872,3.2699999809265137,1.1290960311889648,342.6498718261719,75.9000015258789,2.217049,48.9259269
1759865292020784000,264.0477841796875,5.904283046722412,0.16772621870040894,1.0621293783187866,3.2850000858306885,1.1282942295074463,341.0620422363281,75.9000015258789,2.2170419,48.9259388
1759865293079048700,265.1060485839844,6.2036261558532715,0.21425241231918335,1.0684863328933716,3.302999973297119,1.1388046741485596,342.8394775390625,75.9000015258789,2.217034,48.9259501
1759865294099470800,266.1264709472656,6.068917751312256,0.2328871339559555,1.0741766691207886,3.367000102996826,1.1496905088424683,339.5234680175781,75.9000015258789,2.2170283,48.9259607
1759865295085765000,267.11276513671874,4.179903507232666,0.18418368697166443,1.1014577150344849,3.434999942779541,1.1608824729919434,335.60333251953125,75.9000015258789,2.2170218,48.9259706
1759865296045653800,268.07265380859377,4.343243598937988,0.18509253859519958,1.1514161825180054,3.5439999103546143,1.116316318511963,336.6083068847656,75.4000015258789,2.2170141,48.9259807
1759865297939180500,269.9661806640625,6.162332534790039,0.21873056888580322,1.1688114404678345,3.684999942779541,1.0979973077774048,338.4142150878906,75.4000015258789,2.2169988,48.9260044
1759865299078642400,271.10564233398435,6.331143379211426,0.22648124396800995,1.1469857692718506,3.7130000591278076,1.0656133890151978,341.52569580078125,75.4000015258789,2.2169922,48.9260183
1759865301085048300,273.11204833984374,5.909029006958008,0.1810636967420578,1.1016559600830078,3.638000011444092,0.9990800619125366,337.336181640625,75.4000015258789,2.2169815,48.9260383
1759865303045815300,275.07281518554686,5.941431999206543,0.22684454917907715,1.1164886951446533,3.515000104904175,0.9114799499511719,338.8406982421875,75.4000015258789,2.2169745,48.9260526
1759865304031352600,276.0583525390625,6.0287322998046875,0.1989443302154541,1.088171362876892,3.433000087738037,0.805766224861145,338.2607727050781,76.5,2.2169721,48.9260565
1759865306045461800,278.0724616699219,4.094248294830322,0.22241857647895813,1.0496762990951538,3.4089999198913574,0.7416384816169739,342.63037109375,76.5,2.2169675,48.9260648
1759865308085217000,280.11221704101564,7.1167707443237305,0.2533596456050873,1.0658984184265137,3.4730000495910645,0.5874555110931396,351.2926940917969,76.5,2.2169666,48.926069
1759865310026160400,282.05316040039065,8.739672660827637,0.2557803988456726,1.1414581537246704,3.7170000076293945,0.5205243825912476,349.39263916015625,76.5,2.2169679,48.9260682
1759865312032722000,284.05972192382814,6.426774978637695,0.19136999547481537,1.0938186645507812,3.8340001106262207,0.9143053889274597,338.8471374511719,76.4000015258789,2.2169605,48.9260742
1759865314046506800,286.0735068359375,6.017570972442627,0.1849943995475769,1.071918249130249,3.7829999923706055,1.0696160793304443,338.2996826171875,76.4000015258789,2.2169492,48.9260893
1759865315017296100,287.0442961425781,4.070706367492676,0.18462297320365906,1.1293331384658813,3.6989998817443848,1.117497205734253,341.1387634277344,76.4000015258789,2.2169432,48.926099
1759865317044942000,289.0719421386719,6.051502704620361,0.17882971465587616,1.1137118339538574,3.5820000171661377,1.1892573833465576,332.9373474121094,76.4000015258789,2.2169294,48.9261193
1759865319084696000,291.11169604492187,6.335566997528076,0.21854473650455475,1.0634379386901855,3.621000051498413,1.1611685752868652,333.8087158203125,76.4000015258789,2.2169155,48.9261402
1759865321015855400,293.04285546875,4.243391990661621,0.18702015280723572,1.0650768280029297,3.7230000495910645,1.1403653621673584,348.3280334472656,76.4000015258789,2.2169048,48.9261603
1759865323017778700,295.0447788085938,6.8264899253845215,0.23144817352294922,1.0751253366470337,3.7750000953674316,1.1289955377578735,340.3678283691406,76.4000015258789,2.2168928,48.9261812
1759865325083989500,297.1109895019531,7.036919116973877,0.22017745673656464,1.1246932744979858,3.7790000438690186,1.1946715116500854,330.6407470703125,76.4000015258789,2.216875,48.9262018
1759865327032979000,299.0599790039063,6.998408317565918,0.14680661261081696,1.08387291431427,3.8510000705718994,1.2566516399383545,332.4985046386719,76.4000015258789,2.2168469,48.926226
1759865329043515600,301.070515625,6.920854568481445,0.21896356344223022,1.0834091901779175,3.8580000400543213,1.2175049781799316,330.5666198730469,76.4000015258789,2.2168248,48.9262498
1759865330038061800,302.06506176757813,6.164907932281494,0.14469893276691437,1.031890630722046,3.819000005722046,1.2169108390808105,334.69482421875,76.4000015258789,2.2168181,48.9262607
1759865332043162600,304.07016259765624,6.55465841293335,0.22382517158985138,1.0472867488861084,3.753999948501587,1.1606876850128174,329.6502990722656,76.4000015258789,2.2168078,48.9262764
1759865334077427500,306.1044274902344,6.9902729988098145,0.1800481677055359,1.0841045379638672,3.6700000762939453,1.163506031036377,324.8812255859375,76.4000015258789,2.2167963,48.9262902
1759865335042801400,307.06980151367185,6.528143405914307,0.2076694667339325,0.9489337205886841,3.7230000495910645,1.181424617767334,332.7738952636719,76.9000015258789,2.2167905,48.9263046
1759865336989271300,309.0162712402344,6.139858722686768,0.16510312259197235,0.9585372805595398,3.8440001010894775,1.1521211862564087,329.2474365234375,76.9000015258789,2.2167784,48.9263239
1759865338976743400,311.00374340820315,4.338498115539551,0.21684661507606506,1.059928297996521,3.99399995803833,1.1381394863128662,335.5413513183594,76.9000015258789,2.2167641,48.9263457
1759865340075733800,312.10273364257813,6.1397175788879395,0.20739729702472687,1.0717333555221558,3.996999979019165,1.1446201801300049,335.2939147949219,76.9000015258789,2.2167569,48.9263585
1759865341042086400,313.0690864257812,4.3451972007751465,0.15709923207759857,1.1189461946487427,3.947000026702881,1.1643017530441284,335.546875,76.9000015258789,2.2167513,48.9263696
1759865342031144700,314.05814477539064,5.985953330993652,0.1792091578245163,1.0333319902420044,3.7790000438690186,1.1599377393722534,335.258056640625,76.80000305175781,2.2167458,48.9263808
1759865343081846300,315.10884619140626,6.1314568519592285,0.20699024200439453,1.0418500900268555,3.6519999504089355,1.156003713607788,334.3104553222656,76.80000305175781,2.2167386,48.9263908
1759865344041730000,316.06872998046873,5.980418682098389,0.16959913074970245,1.0739394426345825,3.5789999961853027,1.1554713249206543,334.9135437011719,76.80000305175781,2.2167326,48.926401
1759865346019360000,318.0463601074219,6.094648838043213,0.2055588662624359,1.0371613502502441,3.565000057220459,1.1560029983520508,332.56201171875,76.80000305175781,2.2167185,48.9264224
1759865347082370000,319.1093701171875,5.953021049499512,0.16897709667682648,1.0264239311218262,3.631999969482422,1.1440272331237793,330.8258361816406,76.80000305175781,2.2167101,48.9264333
1759865349015063800,321.04206372070314,5.815030097961426,0.19345597922801971,1.0066308975219727,3.628000020980835,1.1503405570983887,332.8165283203125,76.80000305175781,2.2166971,48.9264529
1759865351034893800,323.0618937988281,6.110832214355469,0.22110985219478607,0.9792729020118713,3.507999897003174,1.1331509351730347,335.01318359375,76.9000015258789,2.2166812,48.9264741
1759865352042849500,324.069849609375,6.308032989501953,0.22642309963703156,0.9524166584014893,3.4779999256134033,1.16777503490448,330.4825439453125,76.9000015258789,2.2166718,48.9264854
1759865354064541400,326.0915415039062,4.187540054321289,0.1705523580312729,0.9973143935203552,3.4809999465942383,1.1651536226272583,329.7608947753906,76.9000015258789,2.2166529,48.9265078
1759865355028509400,327.0555095214844,5.936887741088867,0.1821276843547821,0.993315577507019,3.5460000038146973,1.1519309282302856,331.7374572753906,76.9000015258789,2.2166438,48.926519
1759865357078487800,329.10548779296874,6.147187232971191,0.22816789150238037,1.0184886455535889,3.5899999141693115,1.1438801288604736,332.0477294921875,76.9000015258789,2.2166261,48.9265392
1759865358065062400,330.0920625,4.14008903503418,0.17027531564235687,0.9923770427703857,3.572000026702881,1.136849284172058,334.9808349609375,76.80000305175781,2.2166233,48.9265438
1759865359024953000,331.051953125,3.975968360900879,0.18024729192256927,1.0197349786758423,3.561000108718872,1.1660807132720947,335.1463623046875,76.80000305175781,2.2166164,48.9265535
1759865361063518700,333.0905187988281,6.184845924377441,0.23555050790309906,0.9507733583450317,3.6480000019073486,1.1108700037002563,329.8543701171875,76.80000305175781,2.2165991,48.926573
1759865363083446000,335.1104460449219,6.142638683319092,0.23017536103725433,1.042856216430664,3.7750000953674316,1.1593823432922363,330.47711181640625,76.80000305175781,2.216578,48.9265959
1759865365064042500,337.09104248046873,6.219527721405029,0.20256711542606354,0.9758036732673645,3.9749999046325684,1.1953309774398804,335.745361328125,76.5,2.216558,48.9266201
1759865366997404200,339.0244040527344,6.2587785720825195,0.1519874930381775,0.9813856482505798,4.00600004196167,1.174190640449524,331.0425720214844,76.5,2.2165437,48.9266399
1759865368997630200,341.0246301269531,6.064099311828613,0.21554642915725708,0.9910445809364319,3.990000009536743,1.1498380899429321,334.4738464355469,76.5,2.2165269,48.9266589
1759865370103442700,342.13044262695314,5.829670429229736,0.21560651063919067,1.0278114080429077,3.990000009536743,1.1533501148223877,334.3046875,76.5,2.216519,48.9266703
1759865372064209000,344.091208984375,5.946194648742676,0.20127210021018982,1.1177340745925903,3.890000104904175,1.158333659172058,332.6904602050781,76.5,2.2165046,48.92669
1759865373937479000,345.96447900390626,5.825263023376465,0.2154654562473297,1.0011712312698364,3.7809998989105225,1.1815662384033203,334.4374084472656,77.0999984741211,2.2164932,48.9267071
1759865374998868200,347.0258681640625,6.018502712249756,0.2144417017698288,1.0103684663772583,3.694000005722046,1.1801741123199463,332.1521911621094,77.0999984741211,2.2164864,48.9267175
1759865376099415000,348.1264150390625,6.03993034362793,0.21229110658168793,1.0151197910308838,3.5840001106262207,1.1586555242538452,330.44671630859375,77.0999984741211,2.2164782,48.926728
1759865379016233700,351.0432336425781,6.015413284301758,0.17967116832733154,1.000511646270752,3.4630000591278076,1.1412951946258545,331.6514892578125,77.0999984741211,2.2164548,48.9267571
1759865380918805500,352.9458054199219,4.224285125732422,0.17058883607387543,0.9711005687713623,3.51200008392334,1.1258999109268188,334.9657897949219,77.80000305175781,2.2164402,48.9267739
1759865382039155500,354.0661555175781,4.318831920623779,0.16601251065731049,0.9787946939468384,3.5179998874664307,1.1329481601715088,334.0334777832031,77.80000305175781,2.2164322,48.926783
1759865383064903200,355.0919030761719,5.882391929626465,0.17592406272888184,0.9629379510879517,3.555999994277954,1.1215847730636597,332.0102233886719,77.80000305175781,2.2164242,48.9267911
1759865384024786400,356.05178637695315,5.872026443481445,0.20953933894634247,0.9815561771392822,3.515000104904175,1.1275917291641235,333.52325439453125,77.80000305175781,2.2164184,48.9267982
1759865385958784300,357.9857841796875,6.119204998016357,0.21106015145778656,0.9877675175666809,3.3580000400543213,1.1434650421142578,330.9201354980469,77.80000305175781,2.2164131,48.926815
1759865386978688500,359.0056884765625,6.252145290374756,0.23231056332588196,0.9907047748565674,3.2639999389648438,1.1567631959915161,330.5569763183594,77.80000305175781,2.2164084,48.9268247
1759865387980354800,360.0073547363281,5.884622573852539,0.17358487844467163,0.9073256254196167,3.1500000953674316,1.1587882041931152,335.4155578613281,76.9000015258789,2.2164028,48.9268354
1759865390018538000,362.0455380859375,6.082296848297119,0.2100811004638672,0.9691404700279236,3.0209999084472656,1.2370648384094238,339.9551696777344,76.9000015258789,2.2163884,48.9268571
1759865391038361900,363.06536181640627,6.115667819976807,0.22363725304603577,0.9706501364707947,3.0920000076293945,1.2701963186264038,344.32659912109375,76.9000015258789,2.2163824,48.9268699
1759865393078812400,365.1058125,6.260756492614746,0.19689656794071198,0.9319271445274353,3.257999897003174,1.30153226852417,342.45684814453125,76.9000015258789,2.2163674,48.9269006
1759865395097039600,367.1240395507813,3.918489456176758,0.18179354071617126,0.9900412559509277,3.5490000247955322,1.315947413444519,335.44854736328125,76.9000015258789,2.2163492,48.9269296
1759865398030976800,370.0579768066406,6.497010707855225,0.20936989784240723,0.967369794845581,3.7920000553131104,1.2798551321029663,342.1771240234375,76.9000015258789,2.2163265,48.9269641
1759865400086871600,372.11387158203127,6.125169277191162,0.175230011343956,0.979533851146698,3.927999973297119,1.2418615818023682,345.7578430175781,76.9000015258789,2.2163151,48.9269857
1759865401979876000,374.0068759765625,6.196009159088135,0.22986383736133575,0.9961853623390198,4.114999771118164,1.2252280712127686,337.1661071777344,76.9000015258789,2.2163023,48.9270033
1759865403040157000,375.06715698242186,6.051246643066406,0.222054123878479,0.9671294689178467,4.211999893188477,1.2160718441009521,340.55810546875,76.9000015258789,2.2162955,48.9270138
1759865404060249000,376.0872490234375,4.160820960998535,0.18496635556221008,0.8933879733085632,4.2789998054504395,1.2290695905685425,332.53741455078125,76.9000015258789,2.2162835,48.9270293
1759865405015512800,377.0425129394531,6.077708721160889,0.15452353656291962,0.9057531952857971,4.320000171661377,1.260287880897522,334.6015625,76.9000015258789,2.2162755,48.9270398
1759865407119614500,379.14661450195314,7.029168128967285,0.21724611520767212,0.9288966059684753,4.416999816894531,1.2845075130462646,329.9969482421875,76.9000015258789,2.2162595,48.9270634
1759865408258287600,380.28528759765624,6.540314674377441,0.22339099645614624,0.911484956741333,4.442999839782715,1.2670314311981201,332.6226501464844,76.9000015258789,2.2162521,48.9270737
1759865409284577800,381.3115778808594,6.024282932281494,0.2147579938173294,0.948950469493866,4.502999782562256,1.2499350309371948,335.9355773925781,76.9000015258789,2.2162455,48.927085
1759865410685336600,382.71233666992185,4.343655109405518,0.16859155893325806,0.9262937307357788,4.534999847412109,1.2633174657821655,335.705322265625,76.69999694824219,2.2162392,48.9270984
1759865411939184400,383.96618432617186,5.959136486053467,0.17204727232456207,0.9302562475204468,4.546000003814697,1.2436978816986084,332.0451354980469,76.69999694824219,2.2162325,48.9271112
1759865412998733600,385.02573364257813,7.102425575256348,0.22207608819007874,0.9389941096305847,4.464000225067139,1.2430390119552612,324.0190124511719,76.69999694824219,2.2162249,48.9271205
1759865415009334800,387.0363347167969,8.638938903808594,0.20975035429000854,0.9536266326904297,4.25600004196167,1.198865294456482,282.37908935546875,76.69999694824219,2.2161949,48.9271264
1759865417058027300,389.08502734375,9.579322814941406,0.18315966427326202,0.9590762257575989,3.818000078201294,1.2692474126815796,260.9926452636719,76.69999694824219,2.2161519,48.9271169
1759865418026789400,390.0537893066406,9.080087661743164,0.16337722539901733,0.9233837127685547,3.5940001010894775,1.293026089668274,258.29144287109375,76.69999694824219,2.216127,48.9271092
1759865420077102800,392.10410278320313,10.029766082763672,0.2114144116640091,0.8452563285827637,3.131999969482422,1.308117389678955,252.19737243652344,77,2.2160845,48.9271
1759865423043872500,395.07087255859375,9.779779434204102,0.2135581076145172,0.8759555220603943,3.1989998817443848,1.2139345407485962,251.61264038085938,77,2.2160305,48.9270852
1759865424014665200,396.04166528320314,10.085586547851562,0.19717438519001007,0.8733395338058472,3.3010001182556152,1.1431964635849,253.2416229248047,77,2.2160167,48.9270815
1759865426043510500,398.0705104980469,11.723156929016113,0.1974204033613205,0.9051085710525513,3.5380001068115234,1.0387730598449707,249.52635192871094,76.80000305175781,2.2159919,48.9270735
1759865428056430800,400.0834309082031,12.015298843383789,0.20580966770648956,0.9121072888374329,3.7249999046325684,1.1178258657455444,246.59149169921875,76.80000305175781,2.2159693,48.9270657
1759865429043155200,401.0701552734375,10.109172821044922,0.17604675889015198,0.9245574474334717,3.746000051498413,1.1487623453140259,236.41831970214844,76.80000305175781,2.2159583,48.9270608
1759865430012815600,402.0398156738281,9.250354766845703,0.1535996049642563,0.9304460287094116,3.7200000286102295,1.211081862449646,232.1589813232422,76.80000305175781,2.2159488,48.9270562
1759865431082909700,403.10990966796874,9.903549194335938,0.17745555937290192,0.937268853187561,3.7300000190734863,1.2506579160690308,239.31874084472656,76.80000305175781,2.2159344,48.9270507
1759865433043678700,405.0706787109375,9.643635749816895,0.2233603596687317,0.9582144021987915,3.75,1.2840001583099365,242.88754272460938,76.80000305175781,2.2159095,48.9270402
1759865434023932200,406.05093212890625,9.842788696289062,0.18559525907039642,0.8432292342185974,3.7639999389648438,1.2914228439331055,248.7817840576172,76.5999984741211,2.2158913,48.9270385
1759865435083434200,407.11043432617186,10.279875755310059,0.18280257284641266,0.8490813970565796,3.8299999237060547,1.2904694080352783,255.45570373535156,76.5999984741211,2.2158759,48.9270356
1759865437027934200,409.05493432617186,9.808095932006836,0.17559121549129486,0.8603225350379944,3.825000047683716,1.2913756370544434,256.5390625,76.5999984741211,2.2158393,48.9270335
1759865438083079000,410.11007885742185,11.615647315979004,0.22318464517593384,0.8668369054794312,3.8350000381469727,1.3078856468200684,261.47216796875,76.5999984741211,2.2158194,48.927032
1759865440002854000,412.0298540039062,11.669261932373047,0.1624748259782791,0.8781316876411438,3.930999994277954,1.288364291191101,267.16558837890625,76.5999984741211,2.2157836,48.9270364
1759865441082721800,413.1097216796875,11.9700288772583,0.1654999554157257,0.8839353919029236,3.9830000400543213,1.3097654581069946,265.002197265625,76.5999984741211,2.2157643,48.9270401
1759865442042606000,414.0696062011719,12.525303840637207,0.1784895360469818,0.8456063866615295,4.1570000648498535,1.3040497303009033,272.8640441894531,76.80000305175781,2.215743,48.9270452
1759865443916118800,415.94311889648435,9.535062789916992,0.17010681331157684,0.8415958881378174,4.433000087738037,1.2686948776245117,278.62548828125,76.80000305175781,2.2157021,48.9270586
1759865446036065500,418.0630654296875,9.470948219299316,0.20955011248588562,0.9017452001571655,4.642000198364258,1.258712887763977,289.4898986816406,76.80000305175781,2.2156571,48.9270724
1759865448094175200,420.12117529296876,9.289697647094727,0.22445698082447052,0.9095287322998047,4.304999828338623,1.2577234506607056,277.7536315917969,76.80000305175781,2.2156097,48.9270653
1759865449095129300,421.12212939453127,8.917823791503906,0.22158312797546387,0.8819923996925354,3.8910000324249268,1.2588502168655396,280.3363952636719,77,2.215589,48.9270619
1759865452041118200,424.0681181640625,9.559488296508789,0.20872899889945984,0.8406285047531128,3.052000045776367,1.2788677215576172,273.06304931640625,77,2.2155328,48.9270669
1759865453914869200,425.941869140625,12.576704025268555,0.21373531222343445,0.843513548374176,3.062999963760376,1.2969578504562378,267.77447509765625,77,2.2154977,48.9270601
1759865456014740000,428.04173999023436,11.650755882263184,0.16895073652267456,0.8699823021888733,3.365999937057495,1.2879353761672974,264.41326904296875,77,2.215461,48.9270506
1759865457080513500,429.1075134277344,9.88976001739502,0.19569607079029083,0.8387722969055176,3.5450000762939453,1.289825201034546,258.19439697265625,76.69999694824219,2.2154436,48.9270466
1759865459095227000,431.12222680664064,6.6766357421875,0.1608324497938156,0.855134904384613,3.8980000019073486,1.2925760746002197,246.61669921875,76.69999694824219,2.2154141,48.9270401
1759865461040080100,433.067080078125,7.052969455718994,0.21346254646778107,0.8792237043380737,3.990000009536743,1.2910207509994507,248.80474853515625,76.69999694824219,2.2153833,48.9270399
1759865462060922000,434.0879221191406,6.515019416809082,0.15984566509723663,0.8794679045677185,4.013000011444092,1.28754723072052,244.92120361328125,76.69999694824219,2.2153671,48.9270393
1759865463020813300,435.0478132324219,6.264367580413818,0.16241465508937836,0.880700945854187,3.938999891281128,1.283429503440857,243.9499969482422,76.69999694824219,2.2153529,48.9270386
1759865464028000000,436.055,6.439347267150879,0.20747017860412598,0.8462532758712769,3.8340001106262207,1.2408645153045654,244.66342163085938,76.9000015258789,2.2153397,48.927038
1759865465060566800,437.0875668945313,6.1207709312438965,0.2237483412027359,0.8845854997634888,3.694000005722046,1.2065601348876953,253.49754333496094,76.9000015258789,2.2153255,48.9270372
1759865466020458500,438.0474584960937,6.296740531921387,0.2110966444015503,0.8673633933067322,3.5929999351501465,1.2122992277145386,247.7827606201172,76.9000015258789,2.2153112,48.9270333
1759865467954297600,439.9812976074219,6.061387062072754,0.1790393590927124,0.8546144962310791,3.552000045776367,1.232420802116394,250.70225524902344,76.9000015258789,2.2152796,48.9270253
1759865469020096800,441.0470966796875,5.728712558746338,0.18140831589698792,0.8355096578598022,3.559000015258789,1.2215347290039062,249.5919647216797,76.9000015258789,2.2152613,48.9270209
1759865470005618200,442.0326181640625,5.863857269287109,0.17411001026630402,0.8688138723373413,3.609999895095825,1.2350189685821533,247.61956787109375,76.9000015258789,2.2152448,48.9270159
1759865471059852300,443.08685229492187,6.028875827789307,0.2112574726343155,0.8758273124694824,3.6470000743865967,1.2337186336517334,250.23301696777344,76.9000015258789,2.2152264,48.927011
1759865472019741000,444.04674096679685,4.259106159210205,0.16448183357715607,0.8823676705360413,3.6500000953674316,1.2430208921432495,245.50213623046875,76.9000015258789,2.2152108,48.9270061
1759865473099607000,445.12660693359373,6.237249374389648,0.2033809870481491,0.8225856423377991,3.6489999294281006,1.245378851890564,241.13209533691406,76.69999694824219,2.2151888,48.9269996
1759865475021808600,447.04880859375,6.776594161987305,0.15177980065345764,0.8237808346748352,3.635999917984009,1.2771086692810059,244.91854858398438,76.69999694824219,2.2151567,48.9269862
1759865477014069200,449.0410693359375,6.5206780433654785,0.21270054578781128,0.8370699882507324,3.622999906539917,1.2113384008407593,239.90699768066406,76.69999694824219,2.2151256,48.9269721
1759865478037188600,450.0641887207031,7.114556312561035,0.22599807381629944,0.8517245650291443,3.6080000400543213,1.2543156147003174,238.71804809570312,76.69999694824219,2.2151094,48.9269661
1759865479060906200,451.08790625,6.093335151672363,0.17155422270298004,0.8866461515426636,3.6019999980926514,1.2458471059799194,236.2412109375,76.69999694824219,2.2150936,48.9269605
1759865480027387400,452.05438745117186,4.192652702331543,0.1552971601486206,0.8233684301376343,3.5859999656677246,1.2734675407409668,239.26747131347656,76.80000305175781,2.2150779,48.926957
1759865482060549400,454.08754931640624,6.039650917053223,0.21267837285995483,0.8367061018943787,3.5269999504089355,1.2746039628982544,242.57135009765625,76.80000305175781,2.2150444,48.9269444
1759865484016941000,456.0439411621094,4.294090747833252,0.18156905472278595,0.8720958232879639,3.513000011444092,1.2790124416351318,239.20770263671875,76.80000305175781,2.2150122,48.9269318
1759865485060187400,457.0871875,4.247749328613281,0.21496018767356873,0.8739392757415771,3.5230000019073486,1.294329047203064,234.8821563720703,76.80000305175781,2.2149949,48.9269245
1759865486974424600,459.00142456054687,4.190288543701172,0.1543099284172058,0.8801582455635071,3.6089999675750732,1.2588772773742676,240.99118041992188,76.80000305175781,2.2149637,48.9269123
1759865488021551400,460.04855126953123,5.700900554656982,0.21214911341667175,0.8044374585151672,3.619999885559082,1.2591644525527954,247.86932373046875,76.80000305175781,2.2149457,48.9269081
1759865490013901300,462.0409013671875,6.621613502502441,0.21994370222091675,0.7977292537689209,3.6670000553131104,1.276950716972351,240.77120971679688,76.80000305175781,2.214911,48.9268961
1759865491033622000,463.0606220703125,5.782492637634277,0.18689657747745514,0.8087610006332397,3.687000036239624,1.2714735269546509,242.18711853027344,76.80000305175781,2.2148915,48.9268881
1759865492052843300,464.07984326171874,4.139031887054443,0.20410557091236115,0.8199936151504517,3.6700000762939453,1.2773360013961792,248.01612854003906,76.80000305175781,2.2148718,48.9268813
1759865493020247800,465.0472478027344,6.5139594078063965,0.22143034636974335,0.8198601603507996,3.6630001068115234,1.289828896522522,242.25369262695312,76.80000305175781,2.2148519,48.926875
1759865494100113400,466.1271135253906,6.487584114074707,0.22461870312690735,0.8115206956863403,3.63100004196167,1.2980879545211792,244.33804321289062,76.80000305175781,2.2148305,48.9268674
1759865496018571300,468.0455712890625,5.643440246582031,0.19189311563968658,0.8060146570205688,3.5390000343322754,1.3692971467971802,237.69346618652344,76.5999984741211,2.2147951,48.926856
1759865497019453000,469.04645288085936,4.1928300857543945,0.22571739554405212,0.7988743185997009,3.500999927520752,1.3497294187545776,234.4722442626953,76.5999984741211,2.2147788,48.9268483
1759865498010615000,470.0376149902344,6.020549774169922,0.18365615606307983,0.820963978767395,3.4630000591278076,1.3222991228103638,235.85794067382812,76.5999984741211,2.2147622,48.9268414
1759865500022903800,472.04990380859374,6.00246000289917,0.1510731279850006,0.8216975331306458,3.359999895095825,1.3149467706680298,237.57318115234375,76.5999984741211,2.2147289,48.9268272
1759865502058847000,474.0858469238281,6.181436538696289,0.201728954911232,0.8111916780471802,3.382999897003174,1.3001903295516968,235.41163635253906,76.5999984741211,2.2146938,48.9268144
1759865503018739200,475.0457392578125,6.270755290985107,0.21139732003211975,0.790798544883728,3.4170000553131104,1.2787152528762817,238.99888610839844,76.5999984741211,2.2146824,48.9268108
1759865505099689000,477.12668896484377,6.216457843780518,0.23235878348350525,0.7798398733139038,3.4800000190734863,1.2809935808181763,237.37539672851562,76.5999984741211,2.2146479,48.9267988
1759865508034997500,480.06199755859376,6.404054641723633,0.2126007378101349,0.791013240814209,3.513000011444092,1.2714422941207886,236.59934997558594,76.5999984741211,2.214599,48.9267774
1759865509040726000,481.06772607421874,6.130336284637451,0.15743130445480347,0.8173061609268188,3.5230000019073486,1.2623999118804932,231.00611877441406,76.5999984741211,2.2145855,48.9267709
1759865511115174400,483.1421743164062,8.670951843261719,0.21667252480983734,0.7526668906211853,3.4110000133514404,1.2498924732208252,244.00582885742188,76.19999694824219,2.2145677,48.9267577
1759865513012846000,485.03984619140624,9.408697128295898,0.17891663312911987,0.7967666387557983,3.3350000381469727,1.2869209051132202,243.21336364746094,76.19999694824219,2.2145453,48.9267449
1759865514062123800,486.08912377929687,9.28341007232666,0.16832959651947021,0.8090589642524719,3.319999933242798,1.2979077100753784,247.59121704101562,76.19999694824219,2.2145277,48.9267392
1759865516019722000,488.0467219238281,9.822627067565918,0.18469491600990295,0.8154064416885376,3.434000015258789,1.3545184135437012,243.5034942626953,76.19999694824219,2.2144928,48.9267261
1759865518021652000,490.04865185546873,6.6163835525512695,0.1768534928560257,0.7364068031311035,3.5369999408721924,1.36219322681427,244.95936584472656,76.19999694824219,2.2144569,48.9267147
1759865519002524400,491.0295244140625,6.3473310470581055,0.18784086406230927,0.7920761704444885,3.562000036239624,1.3365164995193481,245.37030029296875,76.19999694824219,2.2144396,48.92671
1759865520061415700,492.0884157714844,6.426795482635498,0.21800437569618225,0.7637938261032104,3.5269999504089355,1.3538062572479248,241.66017150878906,76.19999694824219,2.2144202,48.9267055
1759865522001341700,494.028341796875,6.222326755523682,0.19752512872219086,0.7664307951927185,3.446000099182129,1.348225712776184,240.22976684570312,76.19999694824219,2.2143838,48.9266967
1759865523061053200,495.08805322265624,5.982265472412109,0.2315247654914856,0.7693488597869873,3.3389999866485596,1.3570324182510376,237.11009216308594,76.19999694824219,2.2143652,48.926691
1759865524024251000,496.0512509765625,6.048757553100586,0.18114392459392548,0.782050371170044,3.2799999713897705,1.3022828102111816,245.41944885253906,76.19999694824219,2.2143487,48.9266871
1759865525100817000,497.12781689453124,4.038724899291992,0.19220498204231262,0.7892420887947083,3.2939999103546143,1.294821858406067,247.3699951171875,76.19999694824219,2.2143307,48.9266831
1759865527020584400,499.04758447265624,6.173731803894043,0.2187374234199524,0.7373392581939697,3.2909998893737793,1.2116245031356812,270.8814697265625,76,2.2142989,48.9266756
1759865528100454700,500.12745458984375,6.773871421813965,0.2464020997285843,0.7705483436584473,3.2739999294281006,1.129915475845337,335.969970703125,76,2.2142882,48.9266824
1759865531021110500,503.0481105957031,9.710540771484375,0.20911358296871185,0.8019668459892273,3.2730000019073486,0.20839612185955048,328.86077880859375,76,2.2143029,48.9266927
1759865533060864500,505.0878645019531,11.493013381958008,0.22176487743854523,0.7392218112945557,3.2769999504089355,0.22323468327522278,237.2512664794922,76,2.2142996,48.9266924
1759865534980794400,507.00779443359374,9.627022743225098,0.30715110898017883,0.7254198789596558,3.4739999771118164,0.7902809381484985,236.157958984375,76,2.2142758,48.926684
1759865536877673500,508.9046735839844,5.932394027709961,0.20160743594169617,0.7675920724868774,3.747999906539917,1.1716713905334473,241.15036010742188,76,2.2142402,48.9266678
1759865538815324200,510.84232421875,6.336270809173584,0.18203683197498322,0.7483707070350647,3.9719998836517334,1.282425880432129,237.09619140625,76,2.2142077,48.9266501
1759865541061915000,513.0889147949218,5.965915679931641,0.21434684097766876,0.7226260304450989,3.875999927520752,1.3041965961456299,234.94898986816406,76,2.2141694,48.9266342
1759865543023058200,515.0500581054688,6.131953239440918,0.15560826659202576,0.7271597385406494,3.6649999618530273,1.3134232759475708,241.4847412109375,76,2.2141382,48.9266184
1759865544895352600,516.9223525390624,5.909235954284668,0.2208864688873291,0.7318854331970215,3.6470000743865967,1.311652421951294,243.1574249267578,76,2.2141061,48.9266052
1759865545935129600,517.9621296386719,5.879345893859863,0.23726199567317963,0.7610101103782654,3.7019999027252197,1.2991490364074707,242.8580780029297,76,2.2140868,48.926596
1759865547074675700,519.10167578125,6.059283256530762,0.2222883105278015,0.7660574913024902,3.750999927520752,1.2636630535125732,243.65956115722656,76,2.2140664,48.9265865
1759865549082960100,521.1099602050781,4.1723952293396,0.16780740022659302,0.7215799689292908,3.816999912261963,1.2495477199554443,244.3903045654297,76,2.2140275,48.92657
1759865550042845400,522.0698454589843,5.928645133972168,0.20613645017147064,0.7075820565223694,3.7149999141693115,1.2355135679244995,244.46315002441406,76,2.2140112,48.9265638
1759865551014881800,523.0418818359375,5.9597859382629395,0.18117526173591614,0.7114694118499756,3.559000015258789,1.2218009233474731,232.60780334472656,76,2.213998,48.9265572
1759865553041202000,525.0682019042969,8.743474006652832,0.1592918336391449,0.7356407642364502,3.430999994277954,1.241221308708191,234.4049835205078,76,2.2139678,48.9265421
1759865554996235000,527.0232351074219,7.142566680908203,0.2212819755077362,0.7308552861213684,3.4079999923706055,1.238837480545044,239.63833618164062,76,2.2139382,48.9265305
1759865556075180500,528.1021806640625,6.522397994995117,0.22612419724464417,0.6915128231048584,3.4549999237060547,1.248232126235962,242.4678497314453,75.9000015258789,2.2139188,48.9265235
1759865557097379300,529.1243793945313,6.056535720825195,0.22103099524974823,0.6896615028381348,3.497999906539917,1.190443515777588,247.86415100097656,75.9000015258789,2.2139042,48.9265176
1759865558987999200,531.0149992675781,6.923582077026367,0.20188646018505096,0.7019256949424744,3.4519999027252197,1.1723058223724365,259.9599914550781,75.9000015258789,2.2138785,48.9265104
1759865560041366800,532.0683666992187,9.24686336517334,0.22971682250499725,0.7063619494438171,3.4649999141693115,1.2219862937927246,251.7522430419922,75.9000015258789,2.2138607,48.9265053
1759865561008978700,533.0359787597656,9.328021049499512,0.17905595898628235,0.7386947870254517,3.486999988555908,1.1144782304763794,242.46591186523438,75.9000015258789,2.2138506,48.9264999
1759865563074612000,535.1016120605469,9.509469985961914,0.2459292709827423,0.7394692301750183,3.565999984741211,1.0567537546157837,233.76068115234375,75.9000015258789,2.2138296,48.9264886
1759865565080771000,537.1077709960938,9.489779472351074,0.19238366186618805,0.7093846797943115,3.615999937057495,0.5615749359130859,242.99266052246094,75.9000015258789,2.2138371,48.9264851
1759865567002982700,539.0299826660156,6.607976913452148,0.21667173504829407,0.6996335387229919,3.5490000247955322,0.5081393718719482,211.45249938964844,75.9000015258789,2.2138336,48.926483
1759865568080416500,540.1074165039063,8.6625337600708,0.23996450006961823,0.7258191704750061,3.5420000553131104,0.437882661819458,241.126953125,75.9000015258789,2.2138324,48.9264795
1759865569040299000,541.0672990722657,8.701380729675293,0.20956803858280182,0.7186375856399536,3.503999948501587,0.34185734391212463,322.7077941894531,75.9000015258789,2.2138299,48.9264822
1759865571036844300,543.0638442382813,9.36877727508545,0.19199374318122864,0.6831669807434082,3.619999885559082,0.24707727134227753,32.393184661865234,76,2.2138383,48.9264915
1759865572053991200,544.0809912109376,9.624628067016602,0.19475698471069336,0.6920509934425354,3.7009999752044678,0.1807088553905487,111.2572021484375,76,2.2138457,48.9264932
1759865573955781000,545.9827810058594,9.961210250854492,0.23238800466060638,0.6885404586791992,3.7660000324249268,0.2405078113079071,116.60066986083984,76,2.2138548,48.9264926
1759865574955003000,546.9820029296875,9.994953155517578,0.2347480207681656,0.6954208612442017,3.808000087738037,0.2521107792854309,146.6602783203125,76,2.2138575,48.9264926
1759865576034534700,548.0615346679688,10.51950740814209,0.2988213002681732,0.7081902623176575,3.8380000591278076,0.3208458721637726,165.85130310058594,76,2.2138608,48.9264918
1759865577081336600,549.1083366699219,11.641120910644531,0.2263777256011963,0.7077072858810425,3.8259999752044678,0.23515833914279938,196.8854522705078,76,2.2138603,48.9264905
1759865578041228000,550.0682280273437,12.165363311767578,0.23737391829490662,0.731058657169342,3.8570001125335693,0.22319619357585907,203.0905303955078,76,2.2138586,48.9264903
1759865579993841200,552.0208410644532,11.780841827392578,0.1763080507516861,0.6988891959190369,3.7660000324249268,0.15014152228832245,182.33226013183594,75.9000015258789,2.2138595,48.9264918
1759865581081865700,553.1088657226562,12.269657135009766,0.19009719789028168,0.7110475301742554,3.742000102996826,0.16927117109298706,155.61288452148438,75.9000015258789,2.2138603,48.926492
1759865582041751000,554.0687509765625,12.353557586669922,0.25507718324661255,0.7081027626991272,3.7269999980926514,0.28675171732902527,143.1781005859375,75.9000015258789,2.2138624,48.9264901
1759865583003963000,555.030962890625,12.529767036437988,0.2672613263130188,0.6993855834007263,3.7769999504089355,0.29233884811401367,144.58291625976562,75.9000015258789,2.2138659,48.926488
1759865585041396000,557.0683959960937,14.473258972167969,0.18905094265937805,0.7438485026359558,3.8429999351501465,0.14389190077781677,135.53517150878906,75.9000015258789,2.2138666,48.9264881
1759865587081150700,559.1081506347656,0,0.10249777138233185,0.6871025562286377,3.871999979019165,0.06675358861684799,0,76.19999694824219,2.2138691,48.926488
1759865589000925200,561.0279252929688,15.254444122314453,0.1449216902256012,0.6878223419189453,3.8399999141693115,0.11016970872879028,327.63726806640625,76.19999694824219,2.2138666,48.9264908
1759865591040681700,563.067681640625,15.170851707458496,0.185449481010437,0.7035171985626221,3.868000030517578,0.1728089302778244,297.9287109375,76.19999694824219,2.2138612,48.9264918
1759865592999200000,565.0261999511719,17.610124588012695,0.2140064239501953,0.7061586976051331,3.9519999027252197,0.20421269536018372,332.6994323730469,76.19999694824219,2.2138577,48.926493
1759865594040326400,566.0673264160156,17.918437957763672,0.18521974980831146,0.6677767634391785,3.9630000591278076,0.20740139484405518,319.2994384765625,76.19999694824219,2.2138578,48.9264937
1759865596080081200,568.1070810546875,20.294734954833984,0.2429627925157547,0.6936740279197693,3.874000072479248,0.2848545014858246,220.59373474121094,76.19999694824219,2.2138518,48.9264925
1759865597039970800,569.066970703125,20.8386173248291,0.2582690417766571,0.7003655433654785,3.9079999923706055,0.27491673827171326,192.950927734375,76.19999694824219,2.21385,48.926491
1759865598028018400,570.0550183105469,21.908048629760742,0.23395544290542603,0.701525092124939,3.882999897003174,0.24505697190761566,182.11849975585938,76.19999694824219,2.2138453,48.9264922
1759865600038350600,572.0653505859375,22.20161247253418,0.3435172438621521,0.694646418094635,4.052999973297119,0.6061503291130066,180.4735107421875,76.19999694824219,2.2138417,48.9264838
1759865601018507800,573.0455078125,21.690885543823242,0.28742778301239014,0.717952311038971,4.146999835968018,0.717070460319519,191.84332275390625,76.19999694824219,2.213835,48.9264809
1759865602078105300,574.1051052246094,21.21089744567871,0.19571517407894135,0.6656962037086487,4.204999923706055,0.8664019703865051,163.4484405517578,76.19999694824219,2.2138327,48.9264707
1759865604024938000,576.0519379882812,24.606746673583984,0.242899090051651,0.679650604724884,4.47599983215332,0.9372810125350952,162.0963134765625,76.19999694824219,2.2138363,48.9264582
